<?xml version="1.0" encoding="UTF-8"?>
<!DOCTYPE suite SYSTEM "http://testng.org/testng-1.0.dtd">
<suite guice-stage="DEVELOPMENT" name="Failed suite [Default suite]">
  <test name="Default test(failed)">
    <classes>
      <class name="com.MyProject.Users.CreateUserTC_01">
        <methods>
          <include name="preSteps"/>
          <include name="postSteps"/>
          <include name="testCreateUserTC_01"/>
        </methods>
      </class> <!-- com.MyProject.Users.CreateUserTC_01 -->
    </classes>
  </test> <!-- Default test(failed) -->
</suite> <!-- Failed suite [Default suite] -->
