<?xml version="1.0" encoding="UTF-8"?>
<!DOCTYPE suite SYSTEM "http://testng.org/testng-1.0.dtd">
<suite guice-stage="DEVELOPMENT" name="Failed suite [Default suite]">
  <test name="Default test(failed)">
    <classes>
      <class name="com.MyProject.pages.EditUserPage">
        <methods>
          <include name="clickOnUser"/>
          <include name="reEnetrLastname"/>
          <include name="clickSaveChange"/>
          <include name="logout"/>
          <include name="workDuration"/>
          <include name="clickOnCretedUser"/>
        </methods>
      </class> <!-- com.MyProject.pages.EditUserPage -->
    </classes>
  </test> <!-- Default test(failed) -->
</suite> <!-- Failed suite [Default suite] -->
